{
    "loss": 0.4124603271484375,
    "accuracy": 0.9136690497398376
}