{
    "loss": 0.6250383257865906,
    "accuracy": 0.7841726541519165
}