{
    "loss": 0.9732869267463684,
    "accuracy": 0.9568345546722412
}