{
    "loss": 1.1356639862060547,
    "accuracy": 0.9568345546722412
}